{
    "criteria": {
      "requirement": {
        "trigger": "minecraft:placed_block",
        "conditions": {
          "location": [
            {
              "condition": "minecraft:location_check",
              "predicate": {
                "block": {
                  "blocks": "#ravenous:vanilla_mob_heads"
                }
              }
            }
          ]
        }
      }
    },
    "rewards": {
      "function": "ravenous:technical/block/heads/vannila/place"
    }
  }
  