{
    "criteria": {
        "anchorhit": {
            "trigger": "player_hurt_entity",
            "conditions": {
                "player": {
                    "equipment": {
                        "mainhand": {
                            "components": {
                                "custom_data": {
                                    "ravenous.anchor":1
                                }
                            }
                        }
                    }
                }
            }
        }
    },
    "rewards": {
        "function": "ravenous:technical/item/anchor/hit"
    }
}