{
  "item.anchor.impact": {
    "subtitle": "subtitles.ravenous.item.anchor.impact",
    "sounds": [
      {
      "name": "ravenous:item/anchor/anchorimpact-1"
      },
      {
      "name": "ravenous:item/anchor/anchorimpact-2"
      },
      {
      "name": "ravenous:item/anchor/anchorimpact-3"
      }
    ],
    "replace": true
  },
  "item.anchor.land": {
    "subtitle": "subtitles.ravenous.item.anchor.land",
    "sounds": [
      {
      "name": "ravenous:item/anchor/anchor_land"
      }
    ],
    "replace": true
  },
  "item.anchor.throw": {
    "subtitle": "subtitles.ravenous.item.anchor.throw",
    "sounds": [
      {
      "name": "ravenous:item/anchor/anchorthrow-1"
      },
      {
      "name": "ravenous:item/anchor/anchorthrow-2"
      },
      {
      "name": "ravenous:item/anchor/anchorthrow-3"
      },
      {
      "name": "ravenous:item/anchor/anchorthrow-4"
      }
    ],
    "replace": true
  },
  "wraith.mob.idle": {
    "subtitle": "subtitles.ravenous.mobs.wraith.idle",
    "sounds": [
      {
        "name": "ravenous:mobs/wraith/idle-1"
      },
      {
        "name": "ravenous:mobs/wraith/idle-2"
      },
      {
        "name": "ravenous:mobs/wraith/idle-3"
      }
    ]
  },
  "wraith.mob.hurt": {
    "subtitle": "subtitles.ravenous.mobs.wraith.hurt",
    "sounds": [
      {
        "name": "ravenous:mobs/wraith/hurt-1"
      },
      {
        "name": "ravenous:mobs/wraith/hurt-2"
      },
      {
        "name": "ravenous:mobs/wraith/hurt-3"
      }
    ]
  },
  "wraith.mob.death": {
    "subtitle": "subtitles.ravenous.mobs.wraith.death",
    "sounds": [
      {
        "name": "ravenous:mobs/wraith/death-1"
      },
      {
        "name": "ravenous:mobs/wraith/death-2"
      }
    ]
  }
}
