{
    "display": {
        "title": "Creeping Creatures",
        "description": "Kill all Ravenous Monsters",
        "icon": {
            "id": "iron_axe"
        }
    },
    "criteria": {
        "killsunken": {
            "trigger": "player_killed_entity",
            "conditions": {
                "entity": {
                    "nbt": "{\"Tags\":[\"ravenous.sunken\"]}"
                }
            }
        },
        "killwraith": {
            "trigger": "player_killed_entity",
            "conditions": {
                "entity": {
                    "nbt": "{\"Tags\":[\"ravenous.wraith\"]}"
                }
            }
        },
        "killpossessed": {
            "trigger": "player_killed_entity",
            "conditions": {
                "entity": {
                    "nbt": "{\"Tags\":[\"ravenous.the_possessed\"]}"
                }
            }
        }
    },
    "parent": "ravenous:root"
}