{
    "display": {
        "title": "Monsterous",
        "description": "Kill all Ravanous Monsters",
        "icon": {
            "id": "iron_axe"
        }
    },
    "criteria": {
        "killsunken": {
            "trigger": "player_killed_entity",
            "conditions": {
                "entity": {
                    "nbt": "{\"Tags\":[\"ravanous.sunken\"]}"
                }
            }
        },
        "killwraith": {
            "trigger": "player_killed_entity",
            "conditions": {
                "entity": {
                    "nbt": "{\"Tags\":[\"ravanous.wraith\"]}"
                }
            }
        }
    },
    "parent": "ravanous:root"
}