{
	"textures": {
		"0": "ravenous:item/spike_trap_inactive",
		"particle": "ravenous:item/spike_trap_inactive"
	},
	"elements": [
		{
			"from": [0, 0, 0],
			"to": [16, 16, 16],
			"faces": {
				"north": {"uv": [0, 0, 4, 4], "texture": "#0"},
				"east": {"uv": [0, 4, 4, 8], "texture": "#0"},
				"south": {"uv": [4, 0, 8, 4], "texture": "#0"},
				"west": {"uv": [4, 4, 8, 8], "texture": "#0"},
				"up": {"uv": [4, 12, 0, 8], "texture": "#0"},
				"down": {"uv": [12, 0, 8, 4], "texture": "#0"}
			}
		},
		{
			"from": [10, 16, 12],
			"to": [14, 23, 12],
			"rotation": {"angle": 0, "axis": "y", "origin": [13, 16, 11]},
			"faces": {
				"north": {"uv": [12.25, 9.75, 13.25, 11.5], "texture": "#0"},
				"east": {"uv": [0, 0, 0, 1.75], "texture": "#0"},
				"south": {"uv": [12.25, 9.75, 13.25, 11.5], "texture": "#0"},
				"west": {"uv": [0, 0, 0, 1.75], "texture": "#0"},
				"up": {"uv": [0, 0, 0, 1], "rotation": 90, "texture": "#0"},
				"down": {"uv": [0, 0, 0, 1], "rotation": 270, "texture": "#0"}
			}
		},
		{
			"from": [12, 16, 10],
			"to": [12, 23, 14],
			"rotation": {"angle": 0, "axis": "y", "origin": [11, 16, 11]},
			"faces": {
				"north": {"uv": [0, 0, 0, 1.75], "texture": "#0"},
				"east": {"uv": [12.25, 9.75, 13.25, 11.5], "texture": "#0"},
				"south": {"uv": [0, 0, 0, 1.75], "texture": "#0"},
				"west": {"uv": [12.25, 9.75, 13.25, 11.5], "texture": "#0"},
				"up": {"uv": [0, 0, 0, 1], "texture": "#0"},
				"down": {"uv": [0, 0, 0, 1], "texture": "#0"}
			}
		},
		{
			"from": [10, 16, 4],
			"to": [14, 23, 4],
			"rotation": {"angle": 0, "axis": "y", "origin": [13, 16, 3]},
			"faces": {
				"north": {"uv": [12.25, 9.75, 13.25, 11.5], "texture": "#0"},
				"east": {"uv": [0, 0, 0, 1.75], "texture": "#0"},
				"south": {"uv": [12.25, 9.75, 13.25, 11.5], "texture": "#0"},
				"west": {"uv": [0, 0, 0, 1.75], "texture": "#0"},
				"up": {"uv": [0, 0, 0, 1], "rotation": 90, "texture": "#0"},
				"down": {"uv": [0, 0, 0, 1], "rotation": 270, "texture": "#0"}
			}
		},
		{
			"from": [12, 16, 2],
			"to": [12, 23, 6],
			"rotation": {"angle": 0, "axis": "y", "origin": [11, 16, 3]},
			"faces": {
				"north": {"uv": [0, 0, 0, 1.75], "texture": "#0"},
				"east": {"uv": [12.25, 9.75, 13.25, 11.5], "texture": "#0"},
				"south": {"uv": [0, 0, 0, 1.75], "texture": "#0"},
				"west": {"uv": [12.25, 9.75, 13.25, 11.5], "texture": "#0"},
				"up": {"uv": [0, 0, 0, 1], "texture": "#0"},
				"down": {"uv": [0, 0, 0, 1], "texture": "#0"}
			}
		},
		{
			"from": [2, 16, 12],
			"to": [6, 23, 12],
			"rotation": {"angle": 0, "axis": "y", "origin": [5, 16, 11]},
			"faces": {
				"north": {"uv": [12.25, 9.75, 13.25, 11.5], "texture": "#0"},
				"east": {"uv": [0, 0, 0, 1.75], "texture": "#0"},
				"south": {"uv": [12.25, 9.75, 13.25, 11.5], "texture": "#0"},
				"west": {"uv": [0, 0, 0, 1.75], "texture": "#0"},
				"up": {"uv": [0, 0, 0, 1], "rotation": 90, "texture": "#0"},
				"down": {"uv": [0, 0, 0, 1], "rotation": 270, "texture": "#0"}
			}
		},
		{
			"from": [4, 16, 10],
			"to": [4, 23, 14],
			"rotation": {"angle": 0, "axis": "y", "origin": [3, 16, 11]},
			"faces": {
				"north": {"uv": [0, 0, 0, 1.75], "texture": "#0"},
				"east": {"uv": [12.25, 9.75, 13.25, 11.5], "texture": "#0"},
				"south": {"uv": [0, 0, 0, 1.75], "texture": "#0"},
				"west": {"uv": [12.25, 9.75, 13.25, 11.5], "texture": "#0"},
				"up": {"uv": [0, 0, 0, 1], "texture": "#0"},
				"down": {"uv": [0, 0, 0, 1], "texture": "#0"}
			}
		},
		{
			"from": [2, 16, 4],
			"to": [6, 23, 4],
			"rotation": {"angle": 0, "axis": "y", "origin": [5, 16, 3]},
			"faces": {
				"north": {"uv": [12.25, 9.75, 13.25, 11.5], "texture": "#0"},
				"east": {"uv": [0, 0, 0, 1.75], "texture": "#0"},
				"south": {"uv": [12.25, 9.75, 13.25, 11.5], "texture": "#0"},
				"west": {"uv": [0, 0, 0, 1.75], "texture": "#0"},
				"up": {"uv": [0, 0, 0, 1], "rotation": 90, "texture": "#0"},
				"down": {"uv": [0, 0, 0, 1], "rotation": 270, "texture": "#0"}
			}
		},
		{
			"from": [4, 16, 2],
			"to": [4, 23, 6],
			"rotation": {"angle": 0, "axis": "y", "origin": [3, 16, 3]},
			"faces": {
				"north": {"uv": [0, 0, 0, 1.75], "texture": "#0"},
				"east": {"uv": [12.25, 9.75, 13.25, 11.5], "texture": "#0"},
				"south": {"uv": [0, 0, 0, 1.75], "texture": "#0"},
				"west": {"uv": [12.25, 9.75, 13.25, 11.5], "texture": "#0"},
				"up": {"uv": [0, 0, 0, 1], "texture": "#0"},
				"down": {"uv": [0, 0, 0, 1], "texture": "#0"}
			}
		}
	],
	"display": {
		"thirdperson_righthand": {
			"rotation": [75, 45, 0],
			"translation": [0, 2.5, 0],
			"scale": [0.375, 0.375, 0.375]
		},
		"thirdperson_lefthand": {
			"rotation": [75, 45, 0],
			"translation": [0, 2.5, 0],
			"scale": [0.375, 0.375, 0.375]
		},
		"firstperson_righthand": {
			"rotation": [0, 45, 0],
			"scale": [0.4, 0.4, 0.4]
		},
		"firstperson_lefthand": {
			"rotation": [0, 225, 0],
			"scale": [0.4, 0.4, 0.4]
		},
		"ground": {
			"translation": [0, 3, 0],
			"scale": [0.25, 0.25, 0.25]
		},
		"gui": {
			"rotation": [30, 225, 0],
			"scale": [0.625, 0.625, 0.625]
		},
		"fixed": {
			"rotation": [-90, 0, 0],
			"translation": [0, 0, -16],
			"scale": [2.01, 2.01, 2.01]
		}
	}

}