{
	"textures": {
		"1": "ravenous:item/wraith_damage"
	},
	"elements": [
		{
			"from": [4, 20.15, 4],
			"to": [12, 28.15, 12],
			"light_emission": 9,
			"rotation": {"angle": 0, "axis": "y", "origin": [8, -4, 8]},
			"faces": {
				"north": {"uv": [2, 2, 4, 4], "texture": "#1"},
				"east": {"uv": [0, 2, 2, 4], "texture": "#1"},
				"south": {"uv": [6, 2, 8, 4], "texture": "#1"},
				"west": {"uv": [4, 2, 6, 4], "texture": "#1"},
				"up": {"uv": [4, 2, 2, 0], "texture": "#1"},
				"down": {"uv": [6, 0, 4, 2], "texture": "#1"}
			}
		},
		{
			"from": [4, 8, 6],
			"to": [12, 20, 10],
			"rotation": {"angle": 0, "axis": "y", "origin": [8, -4, 8]},
			"faces": {
				"north": {"uv": [4, 10.25, 6, 13.25], "texture": "#1"},
				"east": {"uv": [3, 10.25, 4, 13.25], "texture": "#1"},
				"south": {"uv": [7, 10.25, 9, 13.25], "texture": "#1"},
				"west": {"uv": [6, 10.25, 7, 13.25], "texture": "#1"},
				"up": {"uv": [6.25, 11.75, 4.25, 10.75], "texture": "#1"},
				"down": {"uv": [8, 9.25, 6, 10.25], "texture": "#1"}
			}
		},
		{
			"from": [1.85, 17, -3],
			"to": [3.85, 19, 9],
			"light_emission": 9,
			"rotation": {"angle": 0, "axis": "x", "origin": [3, 19, 8]},
			"faces": {
				"north": {"uv": [0.5, 4.25, 1, 4.75], "texture": "#1"},
				"east": {"uv": [1.75, 7.25, 4.75, 7.75], "texture": "#1"},
				"south": {"uv": [0.5, 4.25, 1, 4.75], "texture": "#1"},
				"west": {"uv": [1.5, 6.5, 4.5, 7], "texture": "#1"},
				"up": {"uv": [0.5, 7.75, 0, 4.75], "texture": "#1"},
				"down": {"uv": [1, 4.75, 0.5, 7.75], "texture": "#1"}
			}
		},
		{
			"from": [12.15, 17, -3],
			"to": [14.15, 19, 9],
			"light_emission": 9,
			"rotation": {"angle": 0, "axis": "x", "origin": [13, 19, 8]},
			"faces": {
				"north": {"uv": [0.5, 4.25, 1, 4.75], "texture": "#1"},
				"east": {"uv": [1.5, 6.5, 4.5, 7], "texture": "#1"},
				"south": {"uv": [0.5, 4.25, 1, 4.75], "texture": "#1"},
				"west": {"uv": [1.5, 7.25, 4.5, 7.75], "texture": "#1"},
				"up": {"uv": [1, 7.75, 0.5, 4.75], "texture": "#1"},
				"down": {"uv": [0.5, 4.75, 0, 7.75], "texture": "#1"}
			}
		}
	],
	"display": {
		"head": {
			"translation": [0, -27.75, 0],
			"scale": [1.7, 1.7, 1.7]
		}
	}
}