{
    "pools": [
      {
        "rolls": 1,
        "entries": [
          {
            "type": "minecraft:item",
            "name": "minecraft:written_book",
            "functions": [
              {
                "function": "minecraft:set_book_cover",
                "title": "Ravanous Handbook",
                "author": "Cardboarddd"
              },
              {
                "function": "set_components",
                "components": {
                    "minecraft:written_book_content": {
                        "title": "Ravanous Handbook",
                        "author": "Cardboarddd",
                        "pages": [
                          "[[\"  Ravanous Handbook\\n\\nWelcome to the Ravnous Handbook this book will guide you through the Creatures and Weapons Within Ravanous\"]]",
                          "[[\"     The Sunken\\n\\nThe Sunken is a Skeleton That has Fallen to the Sea Now Roaming the Ocean Floor Among Drowned\"]]",
                          "[[\"       Wraiths\\n\\nWraiths are ghastly Apparitions Roaming the Soul Sand Valleys Keep Your Distance As these Creatures Love Possessing Bodies\"]]",
                          "[[\"      Anchors\\n\\nAnchors are Weapons Often Wielded by Sunkens And Drowned\\nWhich Work as Both a Melee And Ranged Weapons\"]]",
                          "[[\"     Soulbound\\n\\nSoulbound is a New Crossbow Enchantment\\nWhich Will damage the person using it But Shooting Powerful Projectiles Depending on the Arrow Used\"]]",
                          "[[\"    Small Changes\\n\\nPhantoms - Spawn around Players in Darkness\\n\\nIllisioners - Spawn in the place of Evokers sometimes\\n\\nOmen mobs - Mobs Become more powerful with Bad Omen\"]]",
                          "[[\"Monster Hats - Monsters such as Skeletons and Zombies will spawn with things on their head when in certain Biomes\"]]"
                        ]
                    },
                    "item_name": "{\"text\":\"Ravanous Handbook\"}",
                    "item_model": "ravanous:item/ravanous_handbook",
                    "enchantment_glint_override": false
                }
              }
            ]
          }
        ]
      }
    ]
  }