{
	"credit": "Made with Blockbench",
	"parent": "item/generated",
	"textures": {
		"layer0": "ravanous:item/weapons/anchor"
	},
	"display": {
		"thirdperson_righthand": {
			"rotation": [0, -90, 55],
			"translation": [0, 8, 0.5],
			"scale": [1.15, 1.15, 1.15]
		},
		"thirdperson_lefthand": {
			"rotation": [0, 90, -55],
			"translation": [0, 8, 0.5],
			"scale": [1.15, 1.15, 1.15]
		},
		"firstperson_righthand": {
			"rotation": [0, -90, 25],
			"translation": [1.13, 4.45, 1.13],
			"scale": [0.88, 0.88, 0.88]
		},
		"firstperson_lefthand": {
			"rotation": [0, 90, -25],
			"translation": [1.13, 4.45, 1.13],
			"scale": [0.88, 0.88, 0.88]
		},
		"head": {
			"translation": [0, 15.25, 0],
			"scale": [1.25, 1.25, 1.25]
		},
		"fixed": {
			"scale": [1.25, 1.25, 1.25]
		}
	}
}