{
    "criteria": {
        "soulbowshoot": {
            "trigger": "shot_crossbow",
            "conditions": {
                "item": {
                    "predicates": {
                        "enchantments": [
                            {"enchantments": ["ravenous:soulcharged"]}
                        ]
                    }
                }
            }
        }
    },
    "rewards": {
        "function": "ravenous:technical/item/enchantments/crossbow/soulpowered/shoot"
    }
}