{
    "type": "minecraft:entity",
    "pools": [
      {
        "bonus_rolls": 0,
        "entries": [
          {
            "type": "minecraft:item",
            "functions": [
              {
                "add": false,
                "count": {
                  "type": "minecraft:uniform",
                  "max": 2,
                  "min": 0
                },
                "function": "minecraft:set_count"
              },
              {
                "count": {
                  "type": "minecraft:uniform",
                  "max": 1,
                  "min": 0
                },
                "enchantment": "minecraft:looting",
                "function": "minecraft:enchanted_count_increase"
              }
            ],
            "name": "minecraft:arrow"
          }
        ],
        "rolls": 1
      },
      {
        "bonus_rolls": 0,
        "entries": [
          {
            "type": "minecraft:item",
            "functions": [
              {
                "add": false,
                "count": {
                  "type": "minecraft:uniform",
                  "max": 2,
                  "min": 0
                },
                "function": "minecraft:set_count"
              },
              {
                "count": {
                  "type": "minecraft:uniform",
                  "max": 1,
                  "min": 0
                },
                "enchantment": "minecraft:looting",
                "function": "minecraft:enchanted_count_increase"
              }
            ],
            "name": "minecraft:bone"
          }
        ],
        "rolls": 1
      },
      {
        "rolls": 1,
        "entries": [
          {
            "type": "minecraft:item",
            "name": "minecraft:skeleton_skull"
          }
        ],
        "conditions": [
          {
            "condition": "minecraft:entity_properties",
            "entity": "attacker",
            "predicate": {
              "equipment": {
                "mainhand": {
                  "predicates": {
                    "minecraft:enchantments": [
                      {
                        "enchantments": "ravenous:guillotine"
                      }
                    ]
                  }
                }
              }
            }
          }
        ]
      }
    ],
    "random_sequence": "minecraft:entities/skeleton"
  }