{
    "display": {
        "title": "Down In The Depths Below",
        "description": "Obtain an Anchor By Defeating a Drowned or Sunken",
        "icon": {
            "id": "poisonous_potato",
            "components": {
                "item_model": "ravanous:item/weapons/anchor"
            }
        }
    },
    "criteria": {
        "anchorget": {
            "trigger": "inventory_changed",
            "conditions": {
                "items": [
                    {
                        "components": {
                            "item_model": "ravanous:item/weapons/anchor"
                        }
                    }
                ]
            }
        }
    },
    "parent": "ravanous:root"
}