{
    "display": {
        "title": "Soulbound",
        "description": "Enchant a Crossbow With Soulcharged",
        "icon": {
            "id": "crossbow",
            "components": {
                "enchantments": {
                    "ravanous:soulcharged": 1
                }
            }
        }
    },
    "criteria": {
        "soulcrossbowget": {
            "trigger": "inventory_changed",
            "conditions": {
                "items": [
                    {
                        "predicates": {
                            "enchantments": [
                                {
                                    "enchantments": "ravanous:soulcharged"
                                }
                            ]
                        }
                    }
                ]
            }
        }
    },
    "parent": "ravanous:root"
}