{
    "anvil_cost": 4,
    "description": {
        "translate": "ravanous.enchantment.soulcharged"
    },
    "max_cost": {
        "base": 5,
        "per_level_above_first": 1
    },
    "min_cost": {
        "base": 2,
        "per_level_above_first": 1
    },
    "max_level": 1,
    "slots": [
        "any"
    ],
    "supported_items": "#minecraft:enchantable/crossbow",
    "primary_items": "#minecraft:enchantable/crossbow",
    "weight": 4,
    "exclusive_set": "#minecraft:exclusive_set/crossbow"
}