{
    "pools": [
        {
            "rolls": 1,
            "entries": [
                {
                    "type": "item",
                    "name": "warped_fungus_on_a_stick",
                    "functions": [
                        {
                            "function": "set_components",
                            "components": {
                                "item_model": "ravenous:item/weapons/anchor",
                                "attribute_modifiers": {
                                    "modifiers": [
                                        {
                                            "id": "minecraft:",
                                            "amount": 8,
                                            "operation": "add_value",
                                            "type": "attack_damage",
                                            "slot": "mainhand"
                                        },
                                        {
                                            "id": "minecraft:",
                                            "amount": -2.7,
                                            "operation": "add_value",
                                            "type": "attack_speed",
                                            "slot": "mainhand"
                                        }
                                    ]
                                },
                                "item_name": "{\"translate\": \"ravenous.item.anchor\"}",
                                "lore": ["{\"translate\":\"ravenous.tooltip\",\"color\": \"dark_red\",\"italic\": false}"],
                                "custom_data": {"ravenous.anchor":1},
                                "max_damage": 450,
                                "damage": 0,
                                "repairable": {
                                    "items": "iron_ingot"
                                },
                                "enchantable": {
                                    "value": 2
                                }
                            }
                        }
                    ]
                }
            ]
        }
    ]
}