{
  "item.anchor.impact": {
    "subtitle": "subtitles.ravanous.item.anchor.impact",
    "sounds": [
      {
      "name": "ravanous:item/anchor/anchorimpact-1"
      },
      {
      "name": "ravanous:item/anchor/anchorimpact-2"
      },
      {
      "name": "ravanous:item/anchor/anchorimpact-3"
      }
    ],
    "replace": true
  },
  "item.anchor.land": {
    "subtitle": "subtitles.ravanous.item.anchor.land",
    "sounds": [
      {
      "name": "ravanous:item/anchor/anchor_land"
      }
    ],
    "replace": true
  },
  "item.anchor.throw": {
    "subtitle": "subtitles.ravanous.item.anchor.throw",
    "sounds": [
      {
      "name": "ravanous:item/anchor/anchorthrow-1"
      },
      {
      "name": "ravanous:item/anchor/anchorthrow-2"
      },
      {
      "name": "ravanous:item/anchor/anchorthrow-3"
      },
      {
      "name": "ravanous:item/anchor/anchorthrow-4"
      }
    ],
    "replace": true
  }
}
