{
	"credit": "Made with Blockbench",
	"texture_size": [64, 64],
	"textures": {
		"0": "ravanous:item/wraith_damage",
		"particle": "ravanous:item/wraith_damage"
	},
	"elements": [
		{
			"name": "head",
			"from": [4, 20.15, 4],
			"to": [12, 28.15, 12],
			"light_emission": 9,
			"rotation": {"angle": 0, "axis": "y", "origin": [8, -4, 8]},
			"faces": {
				"north": {"uv": [2, 2, 4, 4], "texture": "#0"},
				"east": {"uv": [0, 2, 2, 4], "texture": "#0"},
				"south": {"uv": [6, 2, 8, 4], "texture": "#0"},
				"west": {"uv": [4, 2, 6, 4], "texture": "#0"},
				"up": {"uv": [4, 2, 2, 0], "texture": "#0"},
				"down": {"uv": [6, 0, 4, 2], "texture": "#0"}
			}
		},
		{
			"name": "body",
			"from": [4, 8, 6],
			"to": [12, 20, 10],
			"light_emission": 9,
			"rotation": {"angle": 0, "axis": "y", "origin": [8, -4, 8]},
			"faces": {
				"north": {"uv": [1, 5, 3, 8], "texture": "#0"},
				"east": {"uv": [0, 5, 1, 8], "texture": "#0"},
				"south": {"uv": [4, 5, 6, 8], "texture": "#0"},
				"west": {"uv": [3, 5, 4, 8], "texture": "#0"},
				"up": {"uv": [3, 5, 1, 4], "texture": "#0"},
				"down": {"uv": [5, 4, 3, 5], "texture": "#0"}
			}
		},
		{
			"name": "left_arm",
			"from": [-0.15, 17, -3],
			"to": [3.85, 21, 9],
			"light_emission": 9,
			"rotation": {"angle": 0, "axis": "x", "origin": [2, 19, 8]},
			"faces": {
				"north": {"uv": [9, 4, 8, 5], "rotation": 180, "texture": "#0"},
				"east": {"uv": [6, 5, 7, 8], "rotation": 270, "texture": "#0"},
				"south": {"uv": [8, 5, 7, 4], "texture": "#0"},
				"west": {"uv": [8, 5, 9, 8], "rotation": 90, "texture": "#0"},
				"up": {"uv": [7, 5, 8, 8], "rotation": 180, "texture": "#0"},
				"down": {"uv": [9, 5, 10, 8], "texture": "#0"}
			}
		},
		{
			"name": "right_arm",
			"from": [12.15, 17, -3],
			"to": [16.15, 21, 9],
			"light_emission": 9,
			"rotation": {"angle": 0, "axis": "x", "origin": [14, 19, 8]},
			"faces": {
				"north": {"uv": [3, 8, 2, 9], "rotation": 180, "texture": "#0"},
				"east": {"uv": [0, 9, 1, 12], "rotation": 270, "texture": "#0"},
				"south": {"uv": [2, 9, 1, 8], "texture": "#0"},
				"west": {"uv": [2, 9, 3, 12], "rotation": 90, "texture": "#0"},
				"up": {"uv": [1, 9, 2, 12], "rotation": 180, "texture": "#0"},
				"down": {"uv": [3, 9, 4, 12], "texture": "#0"}
			}
		}
	],
	"display": {
		"head": {
			"translation": [0, -27.75, 0],
			"scale": [1.7, 1.7, 1.7]
		}
	},
	"groups": [
		{
			"name": "head",
			"origin": [8, 24, 8],
			"color": 0,
			"children": [0]
		},
		{
			"name": "headwear",
			"origin": [8, 24, 8],
			"color": 0,
			"children": []
		},
		{
			"name": "body",
			"origin": [8, 24, 8],
			"color": 0,
			"children": [1]
		},
		{
			"name": "left_arm",
			"origin": [3, 22, 8],
			"color": 0,
			"children": [2]
		},
		{
			"name": "right_arm",
			"origin": [13, 22, 8],
			"color": 0,
			"children": [3]
		},
		{
			"name": "left_leg",
			"origin": [6.1, 12, 8],
			"color": 0,
			"children": []
		},
		{
			"name": "right_leg",
			"origin": [9.9, 12, 8],
			"color": 0,
			"children": []
		}
	]
}