{
	"credit": "Made with Blockbench",
	"textures": {
		"0": "ravanous:item/head_overlays/sunken_head_damage"
	},
	"elements": [
		{
			"from": [4, 24, 4],
			"to": [12, 32, 12],
			"rotation": {"angle": 0, "axis": "y", "origin": [8, 0, 8]},
			"faces": {
				"north": {"uv": [2, 4, 4, 8], "texture": "#0"},
				"east": {"uv": [0, 4, 2, 8], "texture": "#0"},
				"south": {"uv": [6, 4, 8, 8], "texture": "#0"},
				"west": {"uv": [4, 4, 6, 8], "texture": "#0"},
				"up": {"uv": [4, 4, 2, 0], "texture": "#0"},
				"down": {"uv": [6, 0, 4, 4], "texture": "#0"}
			}
		},
		{
			"from": [-1, 27, 8],
			"to": [4, 32, 8],
			"rotation": {"angle": 0, "axis": "y", "origin": [2, 23, 8]},
			"faces": {
				"north": {"uv": [12.75, 1.5, 14, 4], "texture": "#0"},
				"east": {"uv": [12.75, 1.5, 12.75, 4], "texture": "#0"},
				"south": {"uv": [10.5, 1, 11.75, 3.5], "texture": "#0"},
				"west": {"uv": [14, 1.5, 14, 4], "texture": "#0"},
				"up": {"uv": [14, 1.5, 12.75, 1.5], "texture": "#0"},
				"down": {"uv": [15.25, 1.5, 14, 1.5], "texture": "#0"}
			}
		}
	],
	"display": {
		"head": {
			"translation": [0, -32.4, 0],
			"scale": [1.61, 1.62, 1.61]
		}
	}
}